year,Predicted Temperature
2022,18.71589000972987
2023,18.7330868383656
2024,18.750283667001334
2025,18.767480495637066
2026,18.7846773242728
2027,18.801874152908532
2028,18.819070981544264
2029,18.836267810179997
2030,18.85346463881573
